SampleID,Group,Shannon,Chao1,Simpson,Faith_pd,Goods_coverage,Observed_species,Pielou_e
RDYS_1,Control,11.5588,6737.72,0.999335,386.078,0.955409,5748,0.925527
RDYS_2,Processing_1,11.276,5649.93,0.999196,352.196,0.965669,4927.7,0.919238
RDYS_3,Processing_2,11.4343,6106.12,0.999293,380.984,0.961854,5333.8,0.923539
RDYS_4,Processing_3,11.4627,6313.77,0.999283,373.888,0.95983,5444.5,0.923627
RDYS_5,Processing_4,11.478,6088.15,0.999318,375.589,0.963204,5414.9,0.925439
